{
  "1": {
    "encrypt": 0.02631211280822754,
    "decrypt": 0.03847765922546387
  },
  "2": {
    "encrypt": 0.04553937911987305,
    "decrypt": 0.0687551498413086
  },
  "3": {
    "encrypt": 0.0610041618347168,
    "decrypt": 0.0938875675201416
  },
  "5": {
    "encrypt": 0.10091304779052734,
    "decrypt": 0.15576887130737305
  },
  "8": {
    "encrypt": 0.1475059986114502,
    "decrypt": 0.24408912658691406
  }
}