{
  "time_predicate": {
    "with_time": 0.10960192680358886,
    "without_time": 0.09390010833740234,
    "overhead": 0.015701818466186526,
    "overhead_pct": 16.721832108826405
  }
}